[
  {
    "drwNo": 1100,
    "drwNoDate": "2025-08-23",
    "drwtNo1": 3,
    "drwtNo2": 11,
    "drwtNo3": 14,
    "drwtNo4": 28,
    "drwtNo5": 34,
    "drwtNo6": 41,
    "bnusNo": 17,
    "prize": {
      "first": {
        "amount": 2500000000,
        "winners": 10
      },
      "second": {
        "amount": 55000000,
        "winners": 70
      },
      "third": {
        "amount": 1500000,
        "winners": 3000
      }
    }
  },
  {
    "drwNo": 1101,
    "drwNoDate": "2025-08-30",
    "drwtNo1": 5,
    "drwtNo2": 12,
    "drwtNo3": 20,
    "drwtNo4": 22,
    "drwtNo5": 33,
    "drwtNo6": 44,
    "bnusNo": 9,
    "prize": {
      "first": {
        "amount": 3000000000,
        "winners": 7
      },
      "second": {
        "amount": 62000000,
        "winners": 65
      },
      "third": {
        "amount": 1800000,
        "winners": 2900
      }
    }
  }
]